Name,Age,Company,Job role,Email,Phone
George Anderson,38,Williamson and Sons,"Producer, radio",katielang@example.org,001-454-749-1674x495
Rhonda Smith,29,Ford and Sons,Dealer,nguyenjames@example.org,572-382-4774
Alexandria Doyle,27,Johnson-Hernandez,"Librarian, public",stephanie92@example.org,001-775-613-0294x933
Richard Anthony,58,"Willis, Powell and Nguyen",Trading standards officer,pricejason@example.org,878.291.2547
Bradley Alvarez,40,"Ballard, Trujillo and Knight",Curator,dennis09@example.org,(677)380-9844x92412
Deanna Manning,47,Williams-Wiggins,Financial risk analyst,nfernandez@example.com,869.839.0128x5663
Robert Cole,59,Herrera LLC,Print production planner,daniellefranco@example.net,470.102.8354
William Lopez,40,Church Ltd,Air broker,miaholder@example.org,(619)410-6938
Shelly Clark,26,Marquez PLC,Financial adviser,lauren66@example.net,001-304-347-0517
Taylor Mcguire,50,"Crosby, Butler and Williams",Airline pilot,ashley71@example.net,001-152-195-2810x2807
Brandon Freeman,23,Davidson-Stout,"Designer, graphic",sanchezdawn@example.com,(744)887-2375x237
Julie Blevins,47,Mcfarland-Williams,"Designer, interior/spatial",lucas06@example.net,(436)733-4100
Thomas Duncan,21,"Cook, Sutton and White","Scientist, clinical (histocompatibility and immunogenetics)",christopher48@example.org,+1-774-430-7563
Daniel Mitchell,30,Hicks-Hampton,Arts development officer,melodypena@example.com,(520)655-0066x66139
Joshua Pham,37,Smith PLC,Bookseller,laura25@example.net,890.829.1315
Jason Jensen,20,Phillips and Sons,Accommodation manager,alec97@example.com,917.025.1334x443
Amy White,26,"Hayes, Atkinson and Hartman",Interpreter,biancasanchez@example.org,1670604553
Ronald Rodriguez,23,Vazquez-Jones,"Accountant, chartered certified",jessica69@example.org,874-243-2073x6561
Amy Hughes,23,"Foster, Gonzalez and Howell",Art gallery manager,vhester@example.org,5778169265
Lisa Hall,55,Lane Group,"Administrator, education",dwoodward@example.net,(405)487-8740
Tina Campbell,60,Davis-Johnston,Youth worker,susanbell@example.net,307-091-0750
Roberto Morris,58,Manning Ltd,Television production assistant,umorgan@example.org,001-483-935-5764x16816
Melissa Friedman,25,Lam Group,Social researcher,hfernandez@example.com,(099)507-5399x057
