Contact person|Number of persons|Email|Phone|Address
Angel Martin|4|kristin67@example.net|773.194.8490x892|"Unit 4706 Box 3909
DPO AA 85110"
Robert Miller|9|stephanieolson@example.com|+1-900-635-3031x4684|"7204 Parker Trail
Richardside, AL 63720"
Steven Morgan|3|hcarpenter@example.net|(621)801-3263|"504 Joshua Coves
Port Rebeccaside, PR 99178"
Steven Hall|10|kleinmelissa@example.org|110-551-8362|"6457 Diane Glens Suite 218
Rebeccamouth, WA 89266"
William Scott|2|craig25@example.com|834-735-7771x38588|"54179 Green Tunnel
West Matthewburgh, NM 53297"
Joseph Sandoval|3|hansonchristian@example.net|001-108-444-6695x549|"43795 Cody Pine Suite 962
Bethanymouth, MT 20083"
John Lewis|10|bradfordkeith@example.com|(894)813-7558|"7990 Garza Lights
Port Mary, SC 39810"
Karen Howard|6|oguzman@example.com|539.123.4240x47236|"20597 Cardenas Stream Suite 709
West Mikayla, RI 66817"
Brian Holloway|1|gmiller@example.net|390.166.9082x02022|"5979 Robert Vista
South Melissastad, MO 40080"
Mark Kim|8|holly13@example.org|001-687-387-6328x2413|"Unit 8759 Box 6687
DPO AP 10819"
William Campbell|4|shart@example.com|098.094.7976|"922 Johnson Via
New Richardville, PR 76861"
Jason Wall|4|hendersonelizabeth@example.org|061.842.3485|"04961 Desiree Inlet
East Jodi, OR 74728"
Matthew Torres|8|gcrawford@example.org|747.918.4585x44499|"194 Reed Lock Suite 078
Lake Janetberg, IA 93089"
Cheryl Mathews|2|fowlerrebecca@example.com|956.116.6998x59463|"802 Kathryn Vista Suite 842
Rebeccamouth, HI 63379"
Rhonda Williams|9|steven33@example.com|001-003-767-5436x8840|"282 Matthew Lights
West Emily, NY 06552"
Scott Morales|7|qpowell@example.org|(880)786-0726x00539|"888 Rodriguez Circles
East Josephhaven, VT 03362"
Alexandra Santos|4|wilsonkatherine@example.com|519-634-0763x7821|"733 Sarah Road Suite 079
Summersville, LA 52030"
Leslie Knox|9|josephbrown@example.com|104-775-2639x899|"513 Jacob Field Apt. 109
East Joseph, WI 93639"
Haley Watson|4|xflores@example.net|555-908-8716x3480|"295 Eric Cove Suite 005
Gabrieltown, NH 04097"
Meredith Freeman|4|allenkara@example.net|(408)956-5576|"710 Hall Skyway Suite 308
Hillberg, HI 01533"
Andrea Farmer|9|cole71@example.org|+1-781-711-7475|"PSC 0786, Box 2084
APO AA 86693"
Jeffrey Padilla|8|nicole01@example.org|061-432-4516|"90755 Friedman Port Suite 196
Port Jillian, TN 74267"
Elizabeth Rodriguez|4|petersonvickie@example.net|(307)148-7648x4243|"55666 Leonard Mount
Guzmanport, IL 39396"
Jenna Adams|3|yjohnson@example.org|2435942547|"96962 Chase Plain Suite 596
Laurenburgh, KS 17961"
Bryce Smith|7|robertosmith@example.org|(372)858-4774|"2209 Navarro Meadow
Samuelfurt, PA 35560"
Zachary Peters|8|bergchristopher@example.com|(878)175-1430|"07899 Alexandra Landing
Parkerchester, AR 66754"
Patricia Brooks|8|olsonrussell@example.org|(217)705-7424x381|"630 Julie Path Suite 172
Rhodesmouth, PR 26428"
Keith Silva|1|clarktaylor@example.org|(602)094-1321x630|"6222 Terry Lane Apt. 547
Hendersonmouth, AK 98954"
Lisa Glover|8|collin10@example.com|4086811954|"4896 Kayla Islands
Port Richardborough, OK 74257"
Jessica Baker|5|john13@example.org|(045)985-8436|"965 Derek Key Apt. 345
West Jessicashire, CO 69247"
Mr. Chad Cunningham|3|ortegadavid@example.org|597-485-3838|"201 Kevin Fork Suite 325
Williamsborough, MN 44833"
Tonya Buchanan|6|john14@example.net|108-712-2313x655|"245 Russell Curve Suite 269
Lake Brian, NC 67826"
Christina Davis|3|isabellaanderson@example.org|6137899921|"Unit 5298 Box 3283
DPO AA 18135"
Brenda Foster|9|elainemcdaniel@example.net|954.260.9042|"5424 Terri Corner
Elizabethhaven, DC 80657"
Cheryl Martin|7|crodriguez@example.net|851-831-5108x5545|"78623 Maxwell Pass Apt. 014
West Christophermouth, MH 44289"
Stephanie Matthews|3|uschultz@example.org|501.424.1500x689|"USS Booker
FPO AE 48322"
Victoria Sims|1|garybentley@example.net|3627490957|"263 Austin Rue
Shellyview, NC 93167"
Douglas Malone|8|nicholas27@example.net|299-791-3087x6963|"36169 Michael Run
South Heather, NM 65078"
Matthew Velez|4|dcollins@example.net|826-985-1248|"5373 George Road
Dianaland, KS 75088"
Stephen Cruz|2|david92@example.org|001-517-134-5721x1798|"554 Parker Ways Suite 367
South Cheryl, NV 08939"
Daniel Martin|9|tjimenez@example.com|(834)799-5872x49306|"525 Fox Fort Suite 712
Johnsonport, TN 31295"
Donald Gray|1|wellsheather@example.com|696.585.9407x970|"2182 Alicia Park
Thomasbury, MT 87278"
Christine Grant|3|morrisdawn@example.com|070.414.4836|"PSC 4623, Box 3652
APO AP 54268"
Jared Wilson|9|williamrandall@example.net|961.925.0115x00795|"69822 Romero Cove
Port Crystal, MH 83337"
Christian Garcia|10|walkertiffany@example.com|391-790-5505|"95853 Hammond Forest
Stephaniestad, KS 09834"
Emily Rose|2|brianna85@example.net|2500307343|"642 Larry Springs Apt. 675
Michaelland, WA 16275"
Kent Larsen|8|cardenasdestiny@example.org|492.210.8042x6824|"455 Miller Parkway
Garciaberg, WA 59232"
Jose Benjamin|5|heathergibson@example.org|844.353.0624x683|"9760 Pierce Passage Suite 918
Justinton, AL 80495"
Lorraine Rowland|8|james61@example.net|(383)121-7923|"1884 Luis Drive
Wilkersonland, KS 34893"
Anthony Pierce|4|durhamdan@example.com|401-322-6735x6377|"8179 Lisa Fords
Quinntown, IN 66815"
